date,rm,rf
2011-01-03,,1.15832795337667e-05
2011-01-04,-0.0013130618746926004,1.1184411752962475e-05
2011-01-05,0.005007170717486353,1.238089627197958e-05
2011-01-06,-0.00212295769469939,1.198210770403385e-05
2011-01-07,-0.0018447823874668812,1.15832795337667e-05
2011-01-10,-0.001376327172630698,1.15832795337667e-05
2011-01-11,0.003725126993502803,1.1184411752962475e-05
2011-01-12,0.009007580487847333,1.038655732887861e-05
2011-01-13,-0.0017107461093028853,1.038655732887861e-05
2011-01-14,0.007384542224523782,1.0785504354071662e-05
2011-01-18,0.0013764111949552404,1.038655732887861e-05
2011-01-19,-0.010115655200450102,1.0785504354071662e-05
2011-01-20,-0.0012949590793667198,1.0785504354071662e-05
2011-01-21,0.00241354566718055,1.0785504354071662e-05
2011-01-24,0.005836280157455631,1.1184411752962475e-05
2011-01-25,0.0002634625584563288,1.0785504354071662e-05
2011-01-26,0.004220907055616729,1.0785504354071662e-05
2011-01-27,0.0022443056143837126,9.9875706698338e-06
2011-01-28,-0.017852526512266986,9.588544368721585e-06
2011-01-31,0.0076625579865294835,1.038655732887861e-05
2011-02-01,0.016693598640459717,1.0785504354071662e-05
2011-02-02,-0.00272251783247468,1.1184411752962475e-05
2011-02-03,0.0023541996209659466,1.15832795337667e-05
2011-02-04,0.002884262159912998,1.238089627197958e-05
2011-02-07,0.0062401718181062105,1.238089627197958e-05
2011-02-08,0.0041847517493251996,1.238089627197958e-05
2011-02-09,-0.00278576530529262,1.198210770403385e-05
2011-02-10,0.000749492759563708,1.198210770403385e-05
2011-02-11,0.005507371396231697,1.198210770403385e-05
2011-02-14,0.0023849241566127333,1.198210770403385e-05
2011-02-15,-0.0032349106631179847,1.198210770403385e-05
2011-02-16,0.006257434761353986,1.15832795337667e-05
2011-02-17,0.0030756915754364123,1.0785504354071662e-05
2011-02-18,0.0019247225860843376,1.1184411752962475e-05
2011-02-22,-0.02052856553168947,1.1184411752962475e-05
2011-02-23,-0.006111960530777338,1.0785504354071662e-05
2011-02-24,-0.0009943766071095483,1.038655732887861e-05
2011-02-25,0.010550516233988505,1.0785504354071662e-05
2011-02-28,0.005561085835223301,9.9875706698338e-06
2011-03-01,-0.01573967801604148,9.9875706698338e-06
2011-03-02,0.0016152006545580022,1.038655732887861e-05
2011-03-03,0.017219002029837727,1.15832795337667e-05
2011-03-04,-0.007378037982796792,1.038655732887861e-05
2011-03-07,-0.008341232108246999,9.9875706698338e-06
2011-03-08,0.00892273358780149,1.038655732887861e-05
2011-03-09,-0.0013617028593394531,1.038655732887861e-05
2011-03-10,-0.018870952426918386,9.9875706698338e-06
2011-03-11,0.007080513706332114,9.588544368721585e-06
2011-03-14,-0.006049325163745234,8.790372808986646e-06
2011-03-15,-0.011200348530916449,9.189478417770403e-06
2011-03-16,-0.019494948861799366,8.3912275348208e-06
2011-03-17,0.013398228894571318,9.588544368721585e-06
2011-03-18,0.004310201712304007,9.189478417770403e-06
2011-03-21,0.014985846408680281,9.9875706698338e-06
2011-03-22,-0.0035505668465681817,9.9875706698338e-06
2011-03-23,0.002913979255756871,9.588544368721585e-06
2011-03-24,0.009340748366686746,1.038655732887861e-05
2011-03-25,0.0031611371596607096,1.198210770403385e-05
2011-03-28,-0.002747836706771034,1.198210770403385e-05
2011-03-29,0.00706004504426283,1.238089627197958e-05
2011-03-30,0.006684706689502828,1.198210770403385e-05
2011-03-31,-0.0018295017404008629,1.198210770403385e-05
2011-04-01,0.004962987878062375,1.0785504354071662e-05
2011-04-04,0.00034520979898289283,9.588544368721585e-06
2011-04-05,-0.0001800550698120018,1.198210770403385e-05
2011-04-06,0.002183677381629945,1.15832795337667e-05
2011-04-07,-0.0015200060954518868,1.0785504354071662e-05
2011-04-08,-0.0040044438811523975,1.0785504354071662e-05
2011-04-11,-0.0027933795200096867,1.038655732887861e-05
2011-04-12,-0.007776699412055721,9.588544368721585e-06
2011-04-13,0.00019023558283004505,9.189478417770403e-06
2011-04-14,8.367708489354087e-05,9.9875706698338e-06
2011-04-15,0.003925413018814217,9.588544368721585e-06
2011-04-18,-0.011017851604204099,9.588544368721585e-06
2011-04-19,0.005731170536519059,9.588544368721585e-06
2011-04-20,0.013514947256307863,9.588544368721585e-06
2011-04-21,0.00527678228385664,9.189478417770403e-06
2011-04-25,-0.0015926699906060326,9.189478417770403e-06
2011-04-26,0.008979584347500458,8.790372808986646e-06
2011-04-27,0.006249847141191145,8.790372808986646e-06
2011-04-28,0.0035554238371831026,9.189478417770403e-06
2011-04-29,0.002300662300080303,8.790372808986646e-06
2011-05-02,-0.001752710838356042,8.790372808986646e-06
2011-05-03,-0.003379303931766886,7.992042586835169e-06
2011-05-04,-0.006855308807386384,7.59281795770228e-06
2011-05-05,-0.009069835295082984,7.992042586835169e-06
2011-05-06,0.003819919924858084,7.19355363898444e-06
2011-05-09,0.0045441637238203825,6.7942496231321314e-06
2011-05-10,0.008074036563528342,7.59281795770228e-06
2011-05-11,-0.011111495786944148,7.19355363898444e-06
2011-05-12,0.004895437094211363,7.19355363898444e-06
2011-05-13,-0.00806732940821131,7.59281795770228e-06
2011-05-16,-0.006204391544071153,7.19355363898444e-06
2011-05-17,-0.0003685611639887565,7.59281795770228e-06
2011-05-18,0.008803800039184795,7.59281795770228e-06
2011-05-19,0.0021779409571196506,7.59281795770228e-06
2011-05-20,-0.0076882674788020244,7.19355363898444e-06
2011-05-23,-0.011925585036405395,7.992042586835169e-06
2011-05-24,-0.0008273803139109415,7.992042586835169e-06
2011-05-25,0.003183169164378441,7.19355363898444e-06
2011-05-26,0.003953115265504348,7.19355363898444e-06
2011-05-27,0.004080920306236191,7.19355363898444e-06
2011-05-31,0.010592724253794206,7.19355363898444e-06
2011-06-01,-0.02278464400568514,7.19355363898444e-06
2011-06-02,-0.0012248358297386464,7.59281795770228e-06
2011-06-03,-0.00973380929387091,7.19355363898444e-06
2011-06-06,-0.010760206154744822,7.19355363898444e-06
2011-06-07,-0.0009564077516330816,7.19355363898444e-06
2011-06-08,-0.0041868742875353915,7.19355363898444e-06
2011-06-09,0.0073774895782363625,7.59281795770228e-06
2011-06-10,-0.01397984484096193,7.59281795770228e-06
2011-06-13,0.0006687564032283877,7.19355363898444e-06
2011-06-14,0.012611779526287448,7.59281795770228e-06
2011-06-15,-0.017431845673211765,7.59281795770228e-06
2011-06-16,0.0017543352584985517,7.19355363898444e-06
2011-06-17,0.003045016687959423,6.7942496231321314e-06
2011-06-20,0.005395190719622578,7.19355363898444e-06
2011-06-21,0.013423476330104211,7.19355363898444e-06
2011-06-22,-0.006468448862720022,6.3949059021517485e-06
2011-06-23,-0.00282798682162011,5.9955224680496855e-06
2011-06-24,-0.011725788079470112,6.3949059021517485e-06
2011-06-27,0.009184457763442344,7.19355363898444e-06
2011-06-28,0.012944354590004314,8.3912275348208e-06
2011-06-29,0.0082827470640634,7.59281795770228e-06
2011-06-30,0.010119228593896468,7.59281795770228e-06
2011-07-01,0.014409701950459208,7.992042586835169e-06
2011-07-05,-0.001336179015136607,7.59281795770228e-06
2011-07-06,0.001001559179442335,7.59281795770228e-06
2011-07-07,0.010453846495095398,7.992042586835169e-06
2011-07-08,-0.006961116597354766,6.7942496231321314e-06
2011-07-11,-0.018090532901892997,6.7942496231321314e-06
2011-07-12,-0.004433512223916192,7.19355363898444e-06
2011-07-13,0.003105840225185341,6.3949059021517485e-06
2011-07-14,-0.006716128005014532,5.9955224680496855e-06
2011-07-15,0.005554424830404914,5.9955224680496855e-06
2011-07-18,-0.008129890344531376,5.9955224680496855e-06
2011-07-19,0.016308708146076212,6.7942496231321314e-06
2011-07-20,-0.0006708328095518246,7.59281795770228e-06
2011-07-21,0.013546192195566853,7.992042586835169e-06
2011-07-22,0.0009078515817200206,7.992042586835169e-06
2011-07-25,-0.005643013402878538,7.992042586835169e-06
2011-07-26,-0.004104972057103029,8.3912275348208e-06
2011-07-27,-0.02030866795667341,8.3912275348208e-06
2011-07-28,-0.00323396681060506,8.3912275348208e-06
2011-07-29,-0.0064505329685289325,7.992042586835169e-06
2011-08-01,-0.0041322994089231235,8.790372808986646e-06
2011-08-02,-0.025556664263946538,6.7942496231321314e-06
2011-08-03,0.005015682591787973,6.3949059021517485e-06
2011-08-04,-0.047820446566716246,4.797133808187581e-06
2011-08-05,-0.0005749173223609239,4.397591442550919e-06
2011-08-08,-0.0666344641955241,4.797133808187581e-06
2011-08-09,0.04740684780953952,4.397591442550919e-06
2011-08-10,-0.04415240353729144,3.5983874455691733e-06
2011-08-11,0.046290021536367965,3.9980093242686365e-06
2011-08-12,0.005261669328246343,4.397591442550919e-06
2011-08-15,0.02178462153757388,4.797133808187581e-06
2011-08-16,-0.009738545025185341,4.797133808187581e-06
2011-08-17,0.0009473867253479984,4.797133808187581e-06
2011-08-18,-0.04459371494115383,3.9980093242686365e-06
2011-08-19,-0.015008981405150057,3.9980093242686365e-06
2011-08-22,0.0002580411671400107,3.5983874455691733e-06
2011-08-23,0.03428487822906101,3.9980093242686365e-06
2011-08-24,0.013119972740464947,4.397591442550919e-06
2011-08-25,-0.015565520018319012,3.9980093242686365e-06
2011-08-26,0.015121609890334176,3.5983874455691733e-06
2011-08-29,0.028280001371753904,3.5983874455691733e-06
2011-08-30,0.0023470250754240585,3.5983874455691733e-06
2011-08-31,0.0049219823099897475,3.9980093242686365e-06
2011-09-01,-0.011871432879036248,3.9980093242686365e-06
2011-09-02,-0.02528193810099022,3.9980093242686365e-06
2011-09-06,-0.007436289867417734,5.196636428950185e-06
2011-09-07,0.028646463635358055,4.397591442550919e-06
2011-09-08,-0.010612179884417872,4.797133808187581e-06
2011-09-09,-0.02670549233414976,4.397591442550919e-06
2011-09-12,0.006965717525375448,4.397591442550919e-06
2011-09-13,0.009120062307035992,3.9980093242686365e-06
2011-09-14,0.013479805150953483,3.5983874455691733e-06
2011-09-15,0.0171870731163124,3.9980093242686365e-06
2011-09-16,0.005706697559031415,3.5983874455691733e-06
2011-09-19,-0.009802587069163926,3.198725798236879e-06
2011-09-20,-0.0016610054534745844,3.5983874455691733e-06
2011-09-21,-0.02939044247874545,4.397591442550919e-06
2011-09-22,-0.03188312136272142,3.9980093242686365e-06
2011-09-23,0.006082009491449325,3.9980093242686365e-06
2011-09-26,0.023336145420173926,3.9980093242686365e-06
2011-09-27,0.01068838258199456,3.9980093242686365e-06
2011-09-28,-0.02069113469392403,4.797133808187581e-06
2011-09-29,0.008114229076903623,4.397591442550919e-06
2011-09-30,-0.024974129093951247,5.196636428950185e-06
2011-10-03,-0.02845102857308046,4.797133808187581e-06
2011-10-04,0.022488443228231514,4.397591442550919e-06
2011-10-05,0.017865633591721997,3.9980093242686365e-06
2011-10-06,0.018303664649697682,3.5983874455691733e-06
2011-10-07,-0.008163309129622154,4.397591442550919e-06
2011-10-11,0.03412498514087403,4.797133808187581e-06
2011-10-12,0.0005440032068557699,3.5983874455691733e-06
2011-10-13,0.009794704165487111,4.397591442550919e-06
2011-10-14,-0.0029736723959411515,4.397591442550919e-06
2011-10-17,0.01738025805382848,4.797133808187581e-06
2011-10-18,-0.019369883431278323,4.797133808187581e-06
2011-10-19,0.020418716841497542,4.397591442550919e-06
2011-10-20,-0.012649137358822782,4.797133808187581e-06
2011-10-21,0.004554178908014794,4.797133808187581e-06
2011-10-24,0.01880876485561722,4.397591442550919e-06
2011-10-25,0.012872958610942842,4.397591442550919e-06
2011-10-26,-0.020044724629154187,5.196636428950185e-06
2011-10-27,0.010536553015507044,5.596099312832337e-06
2011-10-28,0.03429143800322065,5.196636428950185e-06
2011-10-31,0.0003892292585445656,4.797133808187581e-06
2011-11-01,-0.02473750308622369,5.196636428950185e-06
2011-11-02,-0.02794224737160278,4.397591442550919e-06
2011-11-03,0.01610466767324814,4.397591442550919e-06
2011-11-04,0.018781807536341066,4.397591442550919e-06
2011-11-07,-0.0062800173248857005,3.5983874455691733e-06
2011-11-08,0.006295743898498074,3.9980093242686365e-06
2011-11-09,0.011735639002377285,3.9980093242686365e-06
2011-11-10,-0.03669514263073992,3.9980093242686365e-06
2011-11-14,0.00862417639490709,3.5983874455691733e-06
2011-11-15,0.019480540416670467,4.397591442550919e-06
2011-11-16,-0.00955014220770134,4.397591442550919e-06
2011-11-17,0.00481716424635481,3.9980093242686365e-06
2011-11-18,-0.01661620119067586,4.797133808187581e-06
2011-11-21,-0.016799951838696092,4.397591442550919e-06
2011-11-22,-0.0003946790211790674,4.397591442550919e-06
2011-11-23,-0.018648495498240547,4.797133808187581e-06
2011-11-25,-0.0041408414917407654,5.196636428950185e-06
2011-11-28,-0.022095214923981144,5.196636428950185e-06
2011-11-29,-0.0026855067570432656,5.596099312832337e-06
2011-11-30,0.02924042541312133,4.797133808187581e-06
2011-12-01,0.002213653005350924,4.797133808187581e-06
2011-12-02,0.043315307654517854,4.797133808187581e-06
2011-12-05,-0.001908645886345317,4.397591442550919e-06
2011-12-06,-0.0002409865260597499,4.397591442550919e-06
2011-12-07,0.010287014740795186,4.397591442550919e-06
2011-12-08,0.001105749076155016,3.9980093242686365e-06
2011-12-09,0.002018354874198325,4.397591442550919e-06
2011-12-12,-0.02114180996866155,3.9980093242686365e-06
2011-12-13,0.01688335188982104,4.397591442550919e-06
2011-12-14,-0.01491405355358888,4.797133808187581e-06
2011-12-15,-0.008686010377845221,4.797133808187581e-06
2011-12-16,-0.011348367280695881,4.397591442550919e-06
2011-12-19,0.0032431006049804534,4.397591442550919e-06
2011-12-20,0.003216149701830151,4.797133808187581e-06
2011-12-21,-0.01173282521447283,5.196636428950185e-06
2011-12-22,0.029825423085253266,4.797133808187581e-06
2011-12-23,0.0019495060859375801,4.797133808187581e-06
2011-12-27,0.008265549512511683,4.797133808187581e-06
2011-12-28,0.009035052631579,4.797133808187581e-06
2011-12-29,7.910821957968217e-05,4.797133808187581e-06
2011-12-30,-0.012478002201771643,4.797133808187581e-06
2012-01-03,0.01070708751271865,4.797133808187581e-06
2012-01-04,-0.004291336569629323,4.797133808187581e-06
2012-01-05,0.015473984869096347,4.397591442550919e-06
2012-01-06,0.00018792381635357458,4.797133808187581e-06
2012-01-09,0.002943717103075061,4.397591442550919e-06
2012-01-10,-0.002536961461851339,4.397591442550919e-06
2012-01-11,0.00226159747268051,4.397591442550919e-06
2012-01-12,0.008885769841026514,4.397591442550919e-06
2012-01-13,0.00030959693952570255,3.9980093242686365e-06
2012-01-17,0.0023366087264267144,4.397591442550919e-06
2012-01-18,-0.004947922809726002,4.397591442550919e-06
2012-01-19,0.0035529545034096444,4.397591442550919e-06
2012-01-20,0.01110792900140778,4.397591442550919e-06
2012-01-23,0.004938656927458096,4.797133808187581e-06
2012-01-24,0.0006694598706733501,4.797133808187581e-06
2012-01-25,0.0004713428801133013,4.797133808187581e-06
2012-01-26,-0.0010258176291793042,4.797133808187581e-06
2012-01-27,0.00867914257916591,4.797133808187581e-06
2012-01-30,-0.005753890970635167,4.797133808187581e-06
2012-01-31,-0.0015928778274041377,5.196636428950185e-06
2012-02-01,-0.0025221229562294445,5.196636428950185e-06
2012-02-02,-0.0004569470113940932,5.596099312832337e-06
2012-02-03,0.008899605837667579,5.596099312832337e-06
2012-02-06,0.0010951468836974954,5.596099312832337e-06
2012-02-07,0.014605356632309219,5.596099312832337e-06
2012-02-08,-0.00042387388640574564,5.9955224680496855e-06
2012-02-09,0.002023381973941474,5.9955224680496855e-06
2012-02-10,0.002160210752496061,5.9955224680496855e-06
2012-02-13,0.0014741103865969496,5.9955224680496855e-06
2012-02-14,-0.006886302257797183,7.19355363898444e-06
2012-02-15,0.006800039398497937,7.19355363898444e-06
2012-02-16,-0.0009395237216460739,6.7942496231321314e-06
2012-02-17,-0.005383206219918502,7.19355363898444e-06
2012-02-21,0.011025706111770894,6.7942496231321314e-06
2012-02-22,0.0023489300082411013,6.7942496231321314e-06
2012-02-23,0.0007199231683099327,6.7942496231321314e-06
2012-02-24,-0.0033401069807622585,7.19355363898444e-06
2012-02-27,0.004272002456249702,6.7942496231321314e-06
2012-02-28,0.0016722375905544595,7.19355363898444e-06
2012-02-29,0.0013545594428994168,7.19355363898444e-06
2012-03-01,0.003356333487459784,7.19355363898444e-06
2012-03-02,-0.004736987672319004,6.7942496231321314e-06
2012-03-05,0.0061580397073004445,6.7942496231321314e-06
2012-03-06,-0.0032457561807128776,6.7942496231321314e-06
2012-03-07,-0.003869693990823375,7.19355363898444e-06
2012-03-08,-0.015370160940745281,7.19355363898444e-06
2012-03-09,0.006900622397205014,7.19355363898444e-06
2012-03-12,0.009817931696702198,7.19355363898444e-06
2012-03-13,0.0036312501383968243,7.992042586835169e-06
2012-03-14,0.00016046087579590917,8.3912275348208e-06
2012-03-15,0.018131549071521702,8.3912275348208e-06
2012-03-16,-0.0011962620857601802,8.3912275348208e-06
2012-03-19,0.005967199434081527,8.3912275348208e-06
2012-03-20,0.0011193982795276725,8.790372808986646e-06
2012-03-21,0.003973846347059773,8.3912275348208e-06
2012-03-22,-0.0030005178223089235,7.59281795770228e-06
2012-03-23,-0.0018711971103763103,7.59281795770228e-06
2012-03-26,-0.007206542132242588,7.59281795770228e-06
2012-03-27,0.0031088584771774563,7.19355363898444e-06
2012-03-28,0.013885825173599375,7.19355363898444e-06
2012-03-29,-0.002816775011706407,7.19355363898444e-06
2012-03-30,-0.0049415094307830865,7.59281795770228e-06
2012-04-02,-0.0016079300036219157,7.19355363898444e-06
2012-04-03,0.0036984364437213646,7.992042586835169e-06
2012-04-04,0.007504645620875605,7.59281795770228e-06
2012-04-05,-0.003988635869632384,7.59281795770228e-06
2012-04-09,-0.01020252440885494,7.59281795770228e-06
2012-04-10,-0.000629042306093508,7.59281795770228e-06
2012-04-11,-0.01135843835815642,7.19355363898444e-06
2012-04-12,-0.01708145408550954,7.19355363898444e-06
2012-04-13,0.007448895732533378,6.7942496231321314e-06
2012-04-16,0.013779387552802502,7.19355363898444e-06
2012-04-17,-0.012475000665660207,7.19355363898444e-06
2012-04-18,-0.0005036007728196346,7.19355363898444e-06
2012-04-19,0.015486673800010564,6.7942496231321314e-06
2012-04-20,-0.004055288314756211,7.19355363898444e-06
2012-04-23,-0.0059343971807788165,6.7942496231321314e-06
2012-04-24,0.0011692654246815426,7.19355363898444e-06
2012-04-25,-0.008407570206074855,7.19355363898444e-06
2012-04-26,0.0036797739601639456,7.19355363898444e-06
2012-04-27,0.013644591642450798,7.59281795770228e-06
2012-04-30,0.006680165525120518,7.992042586835169e-06
2012-05-01,0.0024143238105447384,7.59281795770228e-06
2012-05-02,-0.003883501780193699,7.19355363898444e-06
2012-05-03,0.005658384164656471,7.59281795770228e-06
2012-05-04,-0.0024966831705488524,7.19355363898444e-06
2012-05-07,-0.007658871824437141,7.19355363898444e-06
2012-05-08,-0.016147208456598894,7.19355363898444e-06
2012-05-09,0.00035058067958071426,7.19355363898444e-06
2012-05-10,-0.004278673161306146,7.19355363898444e-06
2012-05-11,-0.0067022667368416,7.19355363898444e-06
2012-05-14,0.002517410644455209,7.59281795770228e-06
2012-05-15,-0.003387340874287381,7.59281795770228e-06
2012-05-16,-0.011112863870212597,7.992042586835169e-06
2012-05-17,-0.00574583788837002,7.992042586835169e-06
2012-05-18,-0.004403818293380879,7.992042586835169e-06
2012-05-21,-0.015051376254893167,8.3912275348208e-06
2012-05-22,-0.00738777655136702,8.3912275348208e-06
2012-05-23,0.016035900823829996,7.992042586835169e-06
2012-05-24,0.00048633728589364544,8.3912275348208e-06
2012-05-25,0.0016937028561794243,7.992042586835169e-06
2012-05-29,0.0013800320130266108,7.992042586835169e-06
2012-05-30,-0.002165632767253012,7.59281795770228e-06
2012-05-31,0.011078977856053607,7.19355363898444e-06
2012-06-01,-0.014334892428261803,6.7942496231321314e-06
2012-06-04,-0.0022766653389425517,7.19355363898444e-06
2012-06-05,-0.024642584756720654,7.19355363898444e-06
2012-06-06,0.00010955447069527224,7.19355363898444e-06
2012-06-07,0.005726850436362785,7.19355363898444e-06
2012-06-08,0.023049401011279613,7.59281795770228e-06
2012-06-11,-0.00010646475973297154,7.19355363898444e-06
2012-06-12,0.008114163667511942,7.59281795770228e-06
2012-06-13,-0.01262011343098246,7.19355363898444e-06
2012-06-14,0.011650737144736745,7.19355363898444e-06
2012-06-15,-0.007023251084251725,7.19355363898444e-06
2012-06-18,0.010814653007062747,7.19355363898444e-06
2012-06-19,0.01033781524949795,7.19355363898444e-06
2012-06-20,0.0014447462461062432,7.992042586835169e-06
2012-06-21,0.009815695292423321,7.59281795770228e-06
2012-06-22,-0.0016863569667646683,7.59281795770228e-06
2012-06-25,-0.022261676573139155,7.59281795770228e-06
2012-06-26,0.007174604437728771,8.3912275348208e-06
2012-06-27,-0.01595485362084681,8.3912275348208e-06
2012-06-28,0.004772721080906761,8.790372808986646e-06
2012-06-29,0.008984906014325,8.3912275348208e-06
2012-07-02,-0.002109799940410051,8.3912275348208e-06
2012-07-03,0.024920238689663643,8.3912275348208e-06
2012-07-05,0.0024593116200617438,7.59281795770228e-06
2012-07-06,0.006232111033737553,7.992042586835169e-06
2012-07-09,-0.00468702341032845,7.992042586835169e-06
2012-07-10,-0.009432649216160383,7.992042586835169e-06
2012-07-11,-0.001638831983570288,7.992042586835169e-06
2012-07-12,-0.008125926324557553,7.992042586835169e-06
2012-07-13,-1.4923927059706799e-05,7.992042586835169e-06
2012-07-16,-0.004987096980407668,7.19355363898444e-06
2012-07-17,0.016497361948984324,7.19355363898444e-06
2012-07-18,-0.002314313251142397,7.19355363898444e-06
2012-07-19,0.007409672356649466,6.7942496231321314e-06
2012-07-20,0.006680490665673222,6.7942496231321314e-06
2012-07-23,0.002717100279144624,6.7942496231321314e-06
2012-07-24,-0.01006166021269983,7.19355363898444e-06
2012-07-25,-0.008909055595006987,6.7942496231321314e-06
2012-07-26,-0.009040932988168549,7.19355363898444e-06
2012-07-27,-0.0003138614980700005,6.7942496231321314e-06
2012-07-30,0.01654097478259442,7.19355363898444e-06
2012-07-31,0.019080565446382147,6.3949059021517485e-06
2012-08-01,-0.0004833596787935379,6.7942496231321314e-06
2012-08-02,-0.0043168286930450606,6.7942496231321314e-06
2012-08-03,-0.002899979813675513,6.3949059021517485e-06
2012-08-06,-0.007503669258934753,6.3949059021517485e-06
2012-08-07,0.019040285714285732,7.59281795770228e-06
2012-08-08,0.002329269098478637,7.59281795770228e-06
2012-08-09,0.005106758642501541,7.992042586835169e-06
2012-08-10,0.0006208263566560568,7.19355363898444e-06
2012-08-13,0.00041368545021236436,7.59281795770228e-06
2012-08-14,0.002188441611610026,7.59281795770228e-06
2012-08-15,-0.0012519009625779898,7.59281795770228e-06
2012-08-16,-0.00012814594435073268,7.992042586835169e-06
2012-08-17,0.0011396401091645636,7.992042586835169e-06
2012-08-20,0.007100510692824136,7.59281795770228e-06
2012-08-21,0.0018721337053633214,7.992042586835169e-06
2012-08-22,-2.1174620127517585e-05,7.59281795770228e-06
2012-08-23,-0.003497536179696059,7.59281795770228e-06
2012-08-24,0.0002264030442469256,7.59281795770228e-06
2012-08-27,-0.008072242520797746,7.19355363898444e-06
2012-08-28,0.006454731031045435,7.19355363898444e-06
2012-08-29,-0.0004890151846781432,7.19355363898444e-06
2012-08-30,-0.0008081818777706529,6.7942496231321314e-06
2012-08-31,0.0008443489382155001,6.3949059021517485e-06
2012-09-04,-0.00780580513017326,6.3949059021517485e-06
2012-09-05,0.005073295868083694,6.7942496231321314e-06
2012-09-06,-0.0011659593135848745,7.19355363898444e-06
2012-09-07,-0.0010676612972738697,7.19355363898444e-06
2012-09-10,0.02043554067555209,7.19355363898444e-06
2012-09-11,0.004049974178315985,7.19355363898444e-06
2012-09-12,-0.006147830011054456,7.19355363898444e-06
2012-09-13,0.0031349561521663016,6.7942496231321314e-06
2012-09-14,0.002092692232296578,7.19355363898444e-06
2012-09-17,0.016309746921621793,7.19355363898444e-06
2012-09-18,0.003958951800758559,7.19355363898444e-06
2012-09-19,-0.0031246914164609896,7.19355363898444e-06
2012-09-20,-0.0012797754402280592,7.19355363898444e-06
2012-09-21,0.0011855542746073144,7.19355363898444e-06
2012-09-24,-0.0005407337007659052,7.19355363898444e-06
2012-09-25,-7.531946314132121e-05,7.19355363898444e-06
2012-09-26,-0.002232653457806655,6.7942496231321314e-06
2012-09-27,-0.010501855900220458,6.3949059021517485e-06
2012-09-28,-0.005736735268036641,6.7942496231321314e-06
2012-10-01,0.009648981749396546,6.7942496231321314e-06
2012-10-02,-0.004477752750256747,6.3949059021517485e-06
2012-10-03,0.0026515065097030277,6.3949059021517485e-06
2012-10-04,0.0008722871108299834,7.19355363898444e-06
2012-10-05,0.003624409476050472,7.19355363898444e-06
2012-10-09,0.007174435434940563,7.19355363898444e-06
2012-10-10,-0.0003215888820869983,7.19355363898444e-06
2012-10-11,-0.0034567356501243873,7.19355363898444e-06
2012-10-12,-0.009890942214018428,7.19355363898444e-06
2012-10-15,-0.006188029749813251,7.59281795770228e-06
2012-10-16,0.00019538936482388358,7.19355363898444e-06
2012-10-17,-0.002966137252483625,7.19355363898444e-06
2012-10-18,0.0080779224792622,7.19355363898444e-06
2012-10-19,0.010269933234256845,7.19355363898444e-06
2012-10-22,0.004117057858060491,7.59281795770228e-06
2012-10-23,-0.002443728851820537,7.19355363898444e-06
2012-10-24,-0.016571304955208976,7.19355363898444e-06
2012-10-25,0.00043958234842222943,7.59281795770228e-06
2012-10-26,-0.014443906334108192,7.59281795770228e-06
2012-10-31,-0.003085382628585709,7.19355363898444e-06
2012-11-01,0.0029955428571428744,7.19355363898444e-06
2012-11-02,-0.0007289822297291693,7.59281795770228e-06
2012-11-05,0.00015587985976517338,7.59281795770228e-06
2012-11-06,0.010926475490383503,7.59281795770228e-06
2012-11-07,-0.009379454408409593,7.19355363898444e-06
2012-11-08,0.0021638092957336763,7.992042586835169e-06
2012-11-09,0.007853184963569237,7.19355363898444e-06
2012-11-13,-0.0237050004861592,7.19355363898444e-06
2012-11-14,-0.012204842237929392,7.19355363898444e-06
2012-11-15,0.0016986925561432997,6.7942496231321314e-06
2012-11-16,0.00013048737408549727,6.3949059021517485e-06
2012-11-19,-0.003985420523048622,6.3949059021517485e-06
2012-11-20,-0.013852035676406471,6.3949059021517485e-06
2012-11-21,-0.001593544781544276,6.7942496231321314e-06
2012-11-23,0.004839949763145501,7.59281795770228e-06
2012-11-26,0.019862053931736456,6.7942496231321314e-06
2012-11-27,0.0006633864185690008,7.19355363898444e-06
2012-11-28,0.00232018061774264,7.19355363898444e-06
2012-11-29,0.013026314761174662,7.19355363898444e-06
2012-11-30,-0.0020295816281376,7.19355363898444e-06
2012-12-03,-0.0052265875432258024,7.19355363898444e-06
2012-12-04,0.007856029181741553,7.19355363898444e-06
2012-12-05,0.004269642300993359,7.19355363898444e-06
2012-12-06,0.00016250786253957372,7.19355363898444e-06
2012-12-07,-0.004745225002300346,7.19355363898444e-06
2012-12-10,-0.0017098123158392209,7.19355363898444e-06
2012-12-11,0.001584861890012279,6.3949059021517485e-06
2012-12-12,0.0033065905314124677,5.596099312832337e-06
2012-12-13,0.0029209196799964143,5.596099312832337e-06
2012-12-14,0.0003385608737807022,5.196636428950185e-06
2012-12-17,0.006548882083186935,5.196636428950185e-06
2012-12-18,0.00044823930919446475,6.3949059021517485e-06
2012-12-19,-0.0063214249596973415,5.9955224680496855e-06
2012-12-20,-0.004135401178368192,5.9955224680496855e-06
2012-12-21,0.011870590643830559,5.9955224680496855e-06
2012-12-24,0.011486656626513492,6.3949059021517485e-06
2012-12-26,-0.007589200716082711,6.3949059021517485e-06
2012-12-27,0.00548810892541618,5.9955224680496855e-06
2012-12-28,-0.00937868763608718,5.9955224680496855e-06
2012-12-31,-0.002440296431446276,6.3949059021517485e-06
2013-01-02,-0.004787460107682495,5.9955224680496855e-06
2013-01-03,-0.001218441682181326,5.9955224680496855e-06
2013-01-04,-0.011049941657992113,5.9955224680496855e-06
2013-01-07,0.016941940834933167,5.9955224680496855e-06
2013-01-08,0.02540342065138712,5.596099312832337e-06
2013-01-09,-0.002085617612062718,5.196636428950185e-06
2013-01-10,0.004865096599440566,5.596099312832337e-06
2013-01-11,-0.003123116115959057,5.596099312832337e-06
2013-01-14,-0.0032423718278149494,5.596099312832337e-06
2013-01-15,0.002655866545145713,5.596099312832337e-06
2013-01-16,0.007597414715782014,5.596099312832337e-06
2013-01-17,-4.7513789798170336e-05,5.596099312832337e-06
2013-01-18,-0.0009306714815373596,5.596099312832337e-06
2013-01-22,0.001128669689566708,5.596099312832337e-06
2013-01-23,0.00019699186784150058,5.9955224680496855e-06
2013-01-24,0.005642921828147962,5.9955224680496855e-06
2013-01-25,0.0034032703558501964,5.9955224680496855e-06
2013-01-28,0.004428107436548201,6.3949059021517485e-06
2013-01-29,0.0015074770267586857,5.9955224680496855e-06
2013-01-30,6.614218268419236e-06,5.9955224680496855e-06
2013-01-31,0.005445481926958484,5.9955224680496855e-06
2013-02-01,-0.0018496214617390594,5.9955224680496855e-06
2013-02-04,0.005105995096772675,5.9955224680496855e-06
2013-02-05,-0.0038996214005379004,5.9955224680496855e-06
2013-02-06,-0.002563301352878078,5.9955224680496855e-06
2013-02-07,0.010052705843222709,5.9955224680496855e-06
2013-02-08,-0.011538744815384416,5.596099312832337e-06
2013-02-11,0.010416510156543657,5.9955224680496855e-06
2013-02-12,0.0005491705619586895,5.596099312832337e-06
2013-02-13,-0.0018053990483738458,5.9955224680496855e-06
2013-02-14,0.005657940568793318,6.3949059021517485e-06
2013-02-15,-0.0006061175200896551,6.7942496231321314e-06
2013-02-19,0.0015952722685066423,6.7942496231321314e-06
2013-02-20,0.0005922628670078645,6.7942496231321314e-06
2013-02-21,0.0006906717820405195,6.3949059021517485e-06
2013-02-22,-0.001045081435784967,6.3949059021517485e-06
2013-02-25,0.007336475245841578,6.3949059021517485e-06
2013-02-26,-0.012404137805429483,6.7942496231321314e-06
2013-02-27,-0.00630305718367008,6.7942496231321314e-06
2013-02-28,0.008772468160708424,6.7942496231321314e-06
2013-03-01,-0.018309580654150115,6.3949059021517485e-06
2013-03-04,0.006109463418104921,6.3949059021517485e-06
2013-03-05,0.012725994195381007,5.9955224680496855e-06
2013-03-06,-0.0008640795840612059,5.9955224680496855e-06
2013-03-07,0.002323855120891505,5.9955224680496855e-06
2013-03-08,0.004610723373682957,5.9955224680496855e-06
2013-03-11,0.009566016567489344,5.9955224680496855e-06
2013-03-12,0.0010845127957084255,5.9955224680496855e-06
2013-03-13,0.001816491554009314,5.9955224680496855e-06
2013-03-14,0.0044811391573884585,5.9955224680496855e-06
2013-03-15,0.003249085744110536,5.596099312832337e-06
2013-03-18,-0.002403253440833697,5.9955224680496855e-06
2013-03-19,0.0013140523718702113,5.9955224680496855e-06
2013-03-20,0.005602989918393142,5.9955224680496855e-06
2013-03-21,-0.001618462435066692,5.596099312832337e-06
2013-03-22,-0.005510332075354896,5.596099312832337e-06
2013-03-25,-0.00242253080222965,5.596099312832337e-06
2013-03-26,0.006697492299956531,5.596099312832337e-06
2013-03-27,-0.008282433758053154,5.596099312832337e-06
2013-03-28,0.007174256468146956,5.596099312832337e-06
2013-04-01,-0.003340039405416717,5.596099312832337e-06
2013-04-02,0.007785111368457276,5.596099312832337e-06
2013-04-03,-0.000588349941636479,5.196636428950185e-06
2013-04-04,0.004056668968461574,5.196636428950185e-06
2013-04-05,-0.004473580168074864,5.196636428950185e-06
2013-04-08,0.005172264076521937,5.196636428950185e-06
2013-04-09,-0.01054612896035656,5.196636428950185e-06
2013-04-10,0.004048451904085537,4.797133808187581e-06
2013-04-11,-0.0042948955024409985,4.797133808187581e-06
2013-04-12,0.00630273795917069,4.397591442550919e-06
2013-04-15,0.0035443321101382708,4.797133808187581e-06
2013-04-16,0.01218913253315801,5.196636428950185e-06
2013-04-17,0.0035522507422829364,5.196636428950185e-06
2013-04-18,-0.0028367667360272852,4.797133808187581e-06
2013-04-19,-0.022966291060320887,4.797133808187581e-06
2013-04-22,0.014307223333897001,4.797133808187581e-06
2013-04-23,-0.014327681064477793,4.797133808187581e-06
2013-04-24,-0.006701003816334872,5.196636428950185e-06
2013-04-25,0.008847902603588809,4.797133808187581e-06
2013-04-26,0.004661629963028435,4.797133808187581e-06
2013-04-29,0.010419218560000054,4.797133808187581e-06
2013-04-30,6.340338626120712e-06,4.397591442550919e-06
2013-05-01,0.004034732195317581,4.397591442550919e-06
2013-05-02,-0.001842113059481787,4.397591442550919e-06
2013-05-03,0.0071860116492188375,4.397591442550919e-06
2013-05-06,0.0024848997165389797,4.397591442550919e-06
2013-05-07,-0.009307883537263306,3.9980093242686365e-06
2013-05-08,0.00940798348454619,4.397591442550919e-06
2013-05-09,0.01053466681575288,4.397591442550919e-06
2013-05-10,0.001907778592967091,4.397591442550919e-06
2013-05-13,0.005230269551777411,5.196636428950185e-06
2013-05-14,0.004139081011478973,4.797133808187581e-06
2013-05-15,-0.0036871036250232248,4.797133808187581e-06
2013-05-16,0.004321655166596328,4.797133808187581e-06
2013-05-17,4.288976072808204e-05,4.797133808187581e-06
2013-05-20,0.01014215330013224,4.797133808187581e-06
2013-05-21,0.0051141359803923425,4.797133808187581e-06
2013-05-22,-0.005009740806326102,4.397591442550919e-06
2013-05-23,0.010300096517175561,4.797133808187581e-06
2013-05-24,-0.0007076181403689041,4.797133808187581e-06
2013-05-28,0.0017223862189816863,5.196636428950185e-06
2013-05-29,-0.00827365723998641,5.596099312832337e-06
2013-05-30,-0.0029238324645374236,5.196636428950185e-06
2013-05-31,-0.0005513653322223311,5.596099312832337e-06
2013-06-03,0.006340981542303226,5.596099312832337e-06
2013-06-04,-0.007047982352546889,5.596099312832337e-06
2013-06-05,0.0036703444969878873,5.596099312832337e-06
2013-06-06,-0.01430724156258345,5.596099312832337e-06
2013-06-07,0.005935988606007081,5.596099312832337e-06
2013-06-10,-0.005510807450241018,5.596099312832337e-06
2013-06-11,-0.013779733067158628,5.596099312832337e-06
2013-06-12,0.008490294484575056,5.596099312832337e-06
2013-06-13,0.01283154104805928,5.596099312832337e-06
2013-06-14,-0.0003468132740243046,5.196636428950185e-06
2013-06-17,-0.010153367340685282,5.196636428950185e-06
2013-06-18,-0.008369555298870512,5.196636428950185e-06
2013-06-19,0.014784290864184202,5.196636428950185e-06
2013-06-20,-0.005885016187315295,5.596099312832337e-06
2013-06-21,0.00756736468335073,5.196636428950185e-06
2013-06-24,0.007791158053582992,6.3949059021517485e-06
2013-06-25,-0.013851474553830623,6.7942496231321314e-06
2013-06-26,-0.025010351365277073,6.3949059021517485e-06
2013-06-27,0.00266977701504012,5.9955224680496855e-06
2013-06-28,-0.012145015695615546,5.9955224680496855e-06
2013-07-01,0.009497271817192399,5.9955224680496855e-06
2013-07-02,0.0095904867803982,5.596099312832337e-06
2013-07-03,0.006199830930729844,5.596099312832337e-06
2013-07-05,-0.004289562490818577,5.9955224680496855e-06
2013-07-08,0.005403747692364513,5.596099312832337e-06
2013-07-09,-0.0005449082461803645,5.596099312832337e-06
2013-07-10,0.0008240471576737018,5.196636428950185e-06
2013-07-11,0.010201732472338909,5.196636428950185e-06
2013-07-12,0.005251546318211897,4.797133808187581e-06
2013-07-15,0.007229670508245967,4.397591442550919e-06
2013-07-16,0.00018159255459360146,3.9980093242686365e-06
2013-07-17,0.013554250261869738,4.397591442550919e-06
2013-07-18,0.0030864831096169,4.397591442550919e-06
2013-07-19,0.001374879674987728,4.397591442550919e-06
2013-07-22,-0.0037087607726598026,3.9980093242686365e-06
2013-07-23,0.0027740469690020753,4.797133808187581e-06
2013-07-24,0.005032964780314897,4.797133808187581e-06
2013-07-25,0.0016100504969605023,4.797133808187581e-06
2013-07-26,0.002033026061925236,4.397591442550919e-06
2013-07-29,-0.0018519365309336289,4.397591442550919e-06
2013-07-30,-0.003811221965877576,4.397591442550919e-06
2013-07-31,0.002556472443166369,4.397591442550919e-06
2013-08-01,0.000828294039343147,5.196636428950185e-06
2013-08-02,-0.003736037543425108,4.397591442550919e-06
2013-08-05,0.00037381700702421305,4.797133808187581e-06
2013-08-06,-0.00013640952651305938,4.797133808187581e-06
2013-08-07,0.012540570109573546,4.797133808187581e-06
2013-08-08,0.001640458270520062,4.797133808187581e-06
2013-08-09,-0.001479834666858193,4.397591442550919e-06
2013-08-12,-0.005723033795795529,4.797133808187581e-06
2013-08-13,-0.0038058649669956424,4.797133808187581e-06
2013-08-14,0.0038854497684055467,4.797133808187581e-06
2013-08-15,-0.0035699602183231205,5.196636428950185e-06
2013-08-16,-0.0011529205929170505,5.196636428950185e-06
2013-08-19,0.0027760558521343626,5.196636428950185e-06
2013-08-20,-0.00517661780705192,5.196636428950185e-06
2013-08-21,-0.014281601757323736,5.596099312832337e-06
2013-08-22,-0.003304595248626474,5.596099312832337e-06
2013-08-23,-0.005900302120153245,5.596099312832337e-06
2013-08-26,0.0038211953237121676,5.196636428950185e-06
2013-08-27,-0.005779603073628792,4.797133808187581e-06
2013-08-28,0.008619376416880042,5.596099312832337e-06
2013-08-29,0.0039470108837469375,5.596099312832337e-06
2013-08-30,-0.004039657950105191,5.196636428950185e-06
2013-09-03,-0.01587419484762509,5.596099312832337e-06
2013-09-04,0.002747645512335639,5.596099312832337e-06
2013-09-05,0.0019634015979428376,6.3949059021517485e-06
2013-09-06,-0.0031743182089343236,5.596099312832337e-06
2013-09-09,0.004164221706928206,4.797133808187581e-06
2013-09-10,0.008116952888308049,5.196636428950185e-06
2013-09-11,0.0012098628337611217,4.797133808187581e-06
2013-09-12,5.443120718928718e-05,5.196636428950185e-06
2013-09-13,0.009992880828140427,5.196636428950185e-06
2013-09-16,0.007345789213730525,5.196636428950185e-06
2013-09-17,0.003052283582754667,4.797133808187581e-06
2013-09-18,-0.003380415351747823,4.397591442550919e-06
2013-09-19,0.0027146795693016035,3.9980093242686365e-06
2013-09-20,0.005693153429186193,4.397591442550919e-06
2013-09-23,0.0042177392207973785,3.9980093242686365e-06
2013-09-24,0.012177673032111924,3.9980093242686365e-06
2013-09-25,-0.0018429539867059752,3.9980093242686365e-06
2013-09-26,-0.007216886471529516,3.5983874455691733e-06
2013-09-27,-0.004719586317135982,3.9980093242686365e-06
2013-09-30,-0.002597143144069225,3.9980093242686365e-06
2013-10-01,-0.0027394657064626626,3.9980093242686365e-06
2013-10-02,0.0034854256220819835,4.397591442550919e-06
2013-10-03,-0.004073801162528867,4.397591442550919e-06
2013-10-04,-0.006029230678291753,4.397591442550919e-06
2013-10-07,0.007998543372526257,4.797133808187581e-06
2013-10-08,-0.0006666696165191777,5.9955224680496855e-06
2013-10-09,-0.008979414621486326,5.9955224680496855e-06
2013-10-10,0.007053224452950868,5.596099312832337e-06
2013-10-11,-0.008506362023070091,5.596099312832337e-06
2013-10-15,-0.012332078885557318,6.3949059021517485e-06
2013-10-16,0.0005739062056366873,5.9955224680496855e-06
2013-10-17,0.021830496544354094,5.196636428950185e-06
2013-10-18,0.006286271464001292,4.797133808187581e-06
2013-10-21,0.004074720643295615,4.397591442550919e-06
2013-10-22,-0.0070637233758897855,3.9980093242686365e-06
2013-10-23,0.013827532115576302,4.397591442550919e-06
2013-10-24,0.0067439529357351535,4.797133808187581e-06
2013-10-25,0.006548755643094983,4.397591442550919e-06
2013-10-28,9.173631413017524e-05,4.397591442550919e-06
2013-10-29,0.005737513214566059,4.397591442550919e-06
2013-10-30,-0.0047245572056966445,4.397591442550919e-06
2013-10-31,0.003258134531836987,3.9980093242686365e-06
2013-11-01,0.004394843948769989,3.9980093242686365e-06
2013-11-04,0.0013296993205964558,3.5983874455691733e-06
2013-11-05,0.0055841951318378324,3.9980093242686365e-06
2013-11-06,-0.004875923270363347,4.397591442550919e-06
2013-11-07,-0.0038393814890611555,4.397591442550919e-06
2013-11-08,0.002903421434619524,4.797133808187581e-06
2013-11-12,0.003570558653551048,5.196636428950185e-06
2013-11-13,-0.002805587805228882,5.196636428950185e-06
2013-11-14,0.004265540039649185,5.196636428950185e-06
2013-11-15,-0.013182772075429838,5.196636428950185e-06
2013-11-18,0.01342755955569852,5.196636428950185e-06
2013-11-19,0.0007229316511505601,5.596099312832337e-06
2013-11-20,-0.0023703920471609408,4.797133808187581e-06
2013-11-21,0.008095344476477973,4.797133808187581e-06
2013-11-22,0.0048372586980920396,4.797133808187581e-06
2013-11-25,0.004222034279249609,5.596099312832337e-06
2013-11-26,-0.003698197510981771,5.196636428950185e-06
2013-11-27,-0.002042965476857228,5.196636428950185e-06
2013-11-29,-0.0036356111004592906,5.196636428950185e-06
2013-12-02,0.00812856455460853,5.196636428950185e-06
2013-12-03,0.004961457871801578,5.196636428950185e-06
2013-12-04,-0.0012633424872928734,5.596099312832337e-06
2013-12-05,0.00014980471516801153,5.196636428950185e-06
2013-12-06,0.002485081126057498,5.196636428950185e-06
2013-12-09,-0.0007856891572814995,5.196636428950185e-06
2013-12-10,-0.0027190207383821496,5.596099312832337e-06
2013-12-11,-0.0031928479778842167,5.196636428950185e-06
2013-12-12,-0.0013034927269119922,5.596099312832337e-06
2013-12-13,-0.004339572929627278,5.596099312832337e-06
2013-12-16,0.011237870889621915,5.196636428950185e-06
2013-12-17,0.0018171000126205872,5.596099312832337e-06
2013-12-18,-0.0031796590387466184,5.196636428950185e-06
2013-12-19,-0.011316874358758056,5.196636428950185e-06
2013-12-20,-0.0037705620570671616,5.196636428950185e-06
2013-12-23,-0.00010141030695576259,5.596099312832337e-06
2013-12-24,0.006320039959715418,5.596099312832337e-06
2013-12-26,-0.003100987875480743,5.196636428950185e-06
2013-12-27,0.016647964065131804,4.797133808187581e-06
2013-12-30,-0.0005799287471799364,5.196636428950185e-06
2013-12-31,0.0048187279595763854,5.196636428950185e-06
2014-01-02,0.005318120180814345,5.196636428950185e-06
2014-01-03,0.002915746819817322,5.196636428950185e-06
2014-01-06,0.004745529561810624,4.797133808187581e-06
2014-01-07,-0.00033658483255794014,5.196636428950185e-06
2014-01-08,-0.00017925382627215214,5.196636428950185e-06
2014-01-09,0.00395967519639262,5.196636428950185e-06
2014-01-10,-0.008861912794546845,4.797133808187581e-06
2014-01-13,-0.0003329648831642551,4.397591442550919e-06
2014-01-14,-0.0025117671538569253,4.397591442550919e-06
2014-01-15,0.006081764468633066,5.196636428950185e-06
2014-01-16,-0.00021220917521225235,4.397591442550919e-06
2014-01-17,0.00034830938045016246,4.397591442550919e-06
2014-01-21,0.0023066866807388564,4.797133808187581e-06
2014-01-22,-0.012576216537872997,4.397591442550919e-06
2014-01-23,0.010817971927264969,4.397591442550919e-06
2014-01-24,0.005166188100457436,4.397591442550919e-06
2014-01-27,-0.0013471201772711217,4.397591442550919e-06
2014-01-28,-0.0038951746537292387,4.397591442550919e-06
2014-01-29,0.002773752181385536,4.397591442550919e-06
2014-01-30,0.0005748649375374448,3.9980093242686365e-06
2014-01-31,-0.008889576517103537,3.9980093242686365e-06
2014-02-03,-0.020875448636635485,4.397591442550919e-06
2014-02-04,-0.0048762936785797795,4.797133808187581e-06
2014-02-05,0.006140652370788313,4.797133808187581e-06
2014-02-06,-0.010209232357043185,5.196636428950185e-06
2014-02-07,0.011267044612831345,4.797133808187581e-06
2014-02-10,-0.006465299316935624,4.797133808187581e-06
2014-02-11,-0.022831919721464478,4.797133808187581e-06
2014-02-12,0.007641088636701321,4.797133808187581e-06
2014-02-13,-0.002028222481416986,4.797133808187581e-06
2014-02-14,0.012439792887467327,4.397591442550919e-06
2014-02-18,0.013301886898100301,4.797133808187581e-06
2014-02-19,0.00156923460429792,4.397591442550919e-06
2014-02-20,0.011062113507929405,4.797133808187581e-06
2014-02-21,-0.0002692622612995299,4.797133808187581e-06
2014-02-24,0.0058100249232651,4.397591442550919e-06
2014-02-25,0.004809216818833395,4.397591442550919e-06
2014-02-26,0.001158473969318452,4.397591442550919e-06
2014-02-27,-0.006524484416629783,4.397591442550919e-06
2014-02-28,0.006031458099794884,4.797133808187581e-06
2014-03-03,-0.001918723404079281,4.797133808187581e-06
2014-03-04,0.0061865132743363915,4.797133808187581e-06
2014-03-05,-0.0013476816104130984,5.196636428950185e-06
2014-03-06,2.169994369394246e-05,4.797133808187581e-06
2014-03-07,0.00494808300188887,5.196636428950185e-06
2014-03-10,0.0027826887334101436,4.797133808187581e-06
2014-03-11,-0.007378510506626745,5.196636428950185e-06
2014-03-12,0.015267701291821645,4.797133808187581e-06
2014-03-13,-5.335101375525397e-05,4.797133808187581e-06
2014-03-14,0.0017184078954717297,4.797133808187581e-06
2014-03-17,0.0005380894201985065,5.196636428950185e-06
2014-03-18,-0.0004632462471156895,5.196636428950185e-06
2014-03-19,-0.005082138951925552,5.9955224680496855e-06
2014-03-20,0.0003051707235770529,5.596099312832337e-06
2014-03-21,-0.011701094943450174,5.596099312832337e-06
2014-03-24,-0.0028217777310465264,5.596099312832337e-06
2014-03-25,0.009613634535275528,5.196636428950185e-06
2014-03-26,0.00721961896336043,4.797133808187581e-06
2014-03-27,-0.006131649085325153,4.797133808187581e-06
2014-03-28,0.006040504672361502,5.196636428950185e-06
2014-03-31,-0.0029326712841670766,5.196636428950185e-06
2014-04-01,-0.004864710210823131,5.196636428950185e-06
2014-04-02,0.004403939971052928,4.797133808187581e-06
2014-04-03,-0.007000319483604245,4.397591442550919e-06
2014-04-04,-0.0019000841472853747,4.397591442550919e-06
2014-04-07,0.004640221855141791,4.397591442550919e-06
2014-04-08,0.007924102367341312,4.397591442550919e-06
2014-04-09,0.007039348750407459,3.9980093242686365e-06
2014-04-10,0.002853326373060572,3.5983874455691733e-06
2014-04-11,-0.0011264498244037968,3.5983874455691733e-06
2014-04-14,-0.012537288155389015,3.9980093242686365e-06
2014-04-15,-0.010750112522990185,4.397591442550919e-06
2014-04-16,0.0037505538382520687,4.397591442550919e-06
2014-04-17,0.01091821282630856,4.397591442550919e-06
2014-04-21,-0.020884795731297867,4.397591442550919e-06
2014-04-22,-0.00948677385461505,4.397591442550919e-06
2014-04-23,0.00821728625746676,4.397591442550919e-06
2014-04-24,0.006757307728767703,3.9980093242686365e-06
2014-04-25,0.010488491036131586,4.397591442550919e-06
2014-04-28,0.001363852913603525,3.9980093242686365e-06
2014-04-29,0.003775123516959855,4.397591442550919e-06
2014-04-30,0.004092138928365463,4.397591442550919e-06
2014-05-01,-0.0022133137674165138,3.9980093242686365e-06
2014-05-02,0.0017169601918778366,3.9980093242686365e-06
2014-05-05,-0.008096391013273752,4.397591442550919e-06
2014-05-06,0.0032360362360928097,3.9980093242686365e-06
2014-05-07,0.004760756884675477,3.9980093242686365e-06
2014-05-08,0.0029920169148387465,3.9980093242686365e-06
2014-05-09,-0.0001432612367737729,3.9980093242686365e-06
2014-05-12,-0.0013484450263229197,3.5983874455691733e-06
2014-05-13,0.0018712158435478798,3.9980093242686365e-06
2014-05-14,-0.008988391908564264,3.9980093242686365e-06
2014-05-15,0.0056164682944326305,3.5983874455691733e-06
2014-05-16,-0.0013736249160484215,3.5983874455691733e-06
2014-05-19,0.0015194761186390071,3.5983874455691733e-06
2014-05-20,0.009672737635457729,3.5983874455691733e-06
2014-05-21,0.0004217578308480796,3.5983874455691733e-06
2014-05-22,-0.004701005154470139,3.5983874455691733e-06
2014-05-23,-0.009361806658357286,3.9980093242686365e-06
2014-05-27,0.0037469647967112163,3.5983874455691733e-06
2014-05-28,0.003844786649522147,3.9980093242686365e-06
2014-05-29,-0.006498398097656066,3.9980093242686365e-06
2014-05-30,0.008116098822161355,3.9980093242686365e-06
2014-06-02,0.002362229907096447,3.9980093242686365e-06
2014-06-03,0.004248391823726383,3.9980093242686365e-06
2014-06-04,0.005987805941686686,3.9980093242686365e-06
2014-06-05,-0.0011140717722704085,3.9980093242686365e-06
2014-06-06,0.00536711026628911,4.397591442550919e-06
2014-06-09,0.0018436779355184285,4.397591442550919e-06
2014-06-10,0.0007278264057468675,4.397591442550919e-06
2014-06-11,-0.0003792168246764538,4.397591442550919e-06
2014-06-12,0.001891663731611759,3.9980093242686365e-06
2014-06-13,0.006525279564793207,4.397591442550919e-06
2014-06-16,0.004627758459583076,4.397591442550919e-06
2014-06-17,0.0009387716756541487,4.397591442550919e-06
2014-06-18,-0.0002459838951454074,3.9980093242686365e-06
2014-06-19,-0.0035370408204140613,3.5983874455691733e-06
2014-06-20,-0.007088893864193202,3.5983874455691733e-06
2014-06-23,0.003134561785089085,3.9980093242686365e-06
2014-06-24,0.0008367051129825054,4.797133808187581e-06
2014-06-25,0.0021725690929803587,4.397591442550919e-06
2014-06-26,0.007718881187436022,4.397591442550919e-06
2014-06-27,0.001277478576965363,3.9980093242686365e-06
2014-06-30,0.0017300585025625814,4.397591442550919e-06
2014-07-01,-0.00013246419817014576,4.397591442550919e-06
2014-07-02,-0.006435310681454642,4.797133808187581e-06
2014-07-03,0.004897511306757085,4.397591442550919e-06
2014-07-07,-0.0011788836944636172,4.797133808187581e-06
2014-07-08,0.0019108685050301943,4.397591442550919e-06
2014-07-09,-0.0003722569631802175,4.397591442550919e-06
2014-07-10,0.006677770533843219,3.9980093242686365e-06
2014-07-11,0.0006588130843330209,4.397591442550919e-06
2014-07-14,0.005479507969835984,4.397591442550919e-06
2014-07-15,-0.003923521854847345,4.397591442550919e-06
2014-07-16,-0.007048801775252689,4.397591442550919e-06
2014-07-17,0.004644267830344662,3.9980093242686365e-06
2014-07-18,-0.004131071699926991,3.9980093242686365e-06
2014-07-21,0.0014709224507656327,4.397591442550919e-06
2014-07-22,0.004843553348319096,4.397591442550919e-06
2014-07-23,-0.0019320960226445472,4.397591442550919e-06
2014-07-24,0.004201084933799892,4.397591442550919e-06
2014-07-25,-0.011834026372541717,4.397591442550919e-06
2014-07-28,0.010264935780914586,4.397591442550919e-06
2014-07-29,-0.0023202505622667013,4.797133808187581e-06
2014-07-30,0.005016149924210289,5.196636428950185e-06
2014-07-31,0.001754438273745107,4.797133808187581e-06
2014-08-01,0.00048815556797321413,5.196636428950185e-06
2014-08-04,-0.004849150442651884,4.797133808187581e-06
2014-08-05,0.0002881547205217938,4.797133808187581e-06
2014-08-06,-0.004527786936270539,4.397591442550919e-06
2014-08-07,6.0912715035721376e-05,4.397591442550919e-06
2014-08-08,-0.019999240169110144,3.9980093242686365e-06
2014-08-11,-0.0028591213797277693,3.9980093242686365e-06
2014-08-12,0.0071890324532961625,3.9980093242686365e-06
2014-08-13,-0.009685469804823432,3.9980093242686365e-06
2014-08-14,1.5638394034844794e-05,3.9980093242686365e-06
2014-08-15,-0.005556620034769533,3.5983874455691733e-06
2014-08-18,0.011531402683691017,3.9980093242686365e-06
2014-08-19,0.0027594251853761964,4.397591442550919e-06
2014-08-20,-0.0016366416413625684,4.797133808187581e-06
2014-08-21,0.006707160180995375,3.9980093242686365e-06
2014-08-22,0.004345814049287355,3.9980093242686365e-06
2014-08-25,-6.137286423035793e-05,4.397591442550919e-06
2014-08-26,0.008531671916274242,4.797133808187581e-06
2014-08-27,0.0050006522411711885,4.397591442550919e-06
2014-08-28,0.0024778129084919165,4.397591442550919e-06
2014-08-29,0.002949889489859636,3.5983874455691733e-06
2014-09-02,-0.0019925872252458676,3.9980093242686365e-06
2014-09-03,0.004787779061101283,4.397591442550919e-06
2014-09-04,0.0010510811012214294,3.9980093242686365e-06
2014-09-05,4.99869996302138e-05,3.9980093242686365e-06
2014-09-08,-0.0016899011101582095,3.9980093242686365e-06
2014-09-09,0.003320414792714388,4.397591442550919e-06
2014-09-10,-0.000544066249729358,4.397591442550919e-06
2014-09-11,-0.000779140768226716,4.397591442550919e-06
2014-09-12,-0.0015344211306421718,4.397591442550919e-06
2014-09-15,0.0050358856051555545,4.397591442550919e-06
2014-09-16,-0.003073114204666716,5.196636428950185e-06
2014-09-17,-0.006545009215276454,4.797133808187581e-06
2014-09-18,0.003646074417693379,4.797133808187581e-06
2014-09-19,0.0008819055324384983,4.397591442550919e-06
2014-09-22,-0.0059625584080529315,3.9980093242686365e-06
2014-09-23,-0.0007101513806340165,3.9980093242686365e-06
2014-09-24,0.007484376004887938,4.397591442550919e-06
2014-09-25,0.001295643791290102,3.9980093242686365e-06
2014-09-26,0.004891180055718092,4.397591442550919e-06
2014-09-29,-0.00047726961218241826,4.397591442550919e-06
2014-09-30,-0.008013323123597371,5.196636428950185e-06
2014-10-01,-0.005776501298565662,3.9980093242686365e-06
2014-10-02,0.007832491334522018,3.9980093242686365e-06
2014-10-03,-0.01616877256054161,4.397591442550919e-06
2014-10-06,0.00857582494608744,4.397591442550919e-06
2014-10-07,-0.0025468023608056223,3.9980093242686365e-06
2014-10-08,-0.0027859287407672184,3.9980093242686365e-06
2014-10-09,-0.013248561055071106,3.9980093242686365e-06
2014-10-10,5.143461907275437e-06,3.9980093242686365e-06
2014-10-14,0.011165509440962174,3.5983874455691733e-06
2014-10-15,-0.0015651597959428498,3.9980093242686365e-06
2014-10-16,-0.015126052674955814,3.9980093242686365e-06
2014-10-17,0.017461650260492734,4.397591442550919e-06
2014-10-20,-0.020661415157819274,3.9980093242686365e-06
2014-10-21,-0.011451012310168207,3.9980093242686365e-06
2014-10-22,-0.01646792974123512,4.397591442550919e-06
2014-10-23,0.001578864811007774,4.397591442550919e-06
2014-10-24,-0.008100314958148669,4.397591442550919e-06
2014-10-27,0.00014497796039192323,4.397591442550919e-06
2014-10-28,0.012884107384289356,4.397591442550919e-06
2014-10-29,0.009142657205247762,4.397591442550919e-06
2014-10-30,0.019574486900937993,4.397591442550919e-06
2014-10-31,-0.007299330229703749,4.397591442550919e-06
2014-11-03,0.012303377173358276,4.797133808187581e-06
2014-11-04,0.007053449513992005,4.397591442550919e-06
2014-11-05,-0.0015015683077649333,4.397591442550919e-06
2014-11-06,0.011939073087332774,4.797133808187581e-06
2014-11-07,-0.0013853554984093464,4.797133808187581e-06
2014-11-10,0.006230123944268584,5.196636428950185e-06
2014-11-12,0.011731393837739246,5.596099312832337e-06
2014-11-13,-0.00011892172848682048,5.9955224680496855e-06
2014-11-14,-0.0028298416763912204,5.9955224680496855e-06
2014-11-17,0.005700497061185805,5.9955224680496855e-06
2014-11-18,0.003775513179122836,5.596099312832337e-06
2014-11-19,0.00034958621394842737,5.9955224680496855e-06
2014-11-20,0.0031201847822315276,5.596099312832337e-06
2014-11-21,0.0006966942357857775,5.596099312832337e-06
2014-11-24,-0.0007011168232956555,5.596099312832337e-06
2014-11-25,0.0005298447197350509,5.596099312832337e-06
2014-11-26,0.0002402700938897162,5.596099312832337e-06
2014-11-28,0.0007353590217320516,5.196636428950185e-06
2014-12-01,0.005133983538707865,5.196636428950185e-06
2014-12-02,-0.0015011589465070418,5.596099312832337e-06
2014-12-03,0.0019670960682991456,5.9955224680496855e-06
2014-12-04,0.0052368773596394025,5.596099312832337e-06
2014-12-05,0.002864023261448967,7.19355363898444e-06
2014-12-08,-0.0011500297675195448,7.19355363898444e-06
2014-12-09,0.00280598197347226,9.189478417770403e-06
2014-12-10,-0.0025424269243935482,8.3912275348208e-06
2014-12-11,-0.0068293629191256144,8.3912275348208e-06
2014-12-12,0.006384461380261053,7.59281795770228e-06
2014-12-15,0.0037647425978213356,8.790372808986646e-06
2014-12-16,-0.0011618960866265349,8.3912275348208e-06
2014-12-17,0.0016652163837826972,9.189478417770403e-06
2014-12-18,-0.007256564926245601,9.9875706698338e-06
2014-12-19,-0.0002378239128909554,1.038655732887861e-05
2014-12-22,-0.0163509684769223,1.1184411752962475e-05
2014-12-23,0.0045356890106136305,1.038655732887861e-05
2014-12-24,-0.016213587336401436,1.038655732887861e-05
2014-12-26,-0.006342586526233762,1.038655732887861e-05
2014-12-29,-0.008489023063361079,9.9875706698338e-06
2014-12-30,0.020352416032282106,9.189478417770403e-06
2014-12-31,0.0240152043279922,9.9875706698338e-06
2015-01-02,0.00457004899569724,9.947779353591812e-06
2015-01-05,0.0038104640443461513,1.0345176408410595e-05
2015-01-06,0.0017463618366218014,9.947779353591812e-06
2015-01-07,-0.00013929650838573338,9.947779353591812e-06
2015-01-08,0.0033095747051801183,9.152866782491387e-06
2015-01-09,0.0008617741459158168,8.755351250222532e-06
2015-01-12,-0.004888604384246875,7.562567572394485e-06
2015-01-13,-0.010310858744699503,7.960201652945642e-06
2015-01-14,-0.00033996358896326573,7.1648939601320905e-06
2015-01-15,-0.01827810508970329,6.36942810827712e-06
2015-01-16,-0.008893471870112801,6.7671808079428075e-06
2015-01-20,0.011629842642575161,6.7671808079428075e-06
2015-01-21,0.01788828104579765,6.7671808079428075e-06
2015-01-22,-0.008403811040573306,6.7671808079428075e-06
2015-01-23,-0.00809368524335874,6.7671808079428075e-06
2015-01-26,-0.0025785554979216307,7.1648939601320905e-06
2015-01-27,-0.005813066949783785,6.7671808079428075e-06
2015-01-28,-0.009247876125553667,6.7671808079428075e-06
2015-01-29,0.01342419939545203,6.7671808079428075e-06
2015-01-30,0.0015499524278266286,7.1648939601320905e-06
2015-02-02,0.004731623825443343,6.7671808079428075e-06
2015-02-03,0.015269721805970526,8.357796209557122e-06
2015-02-04,-0.005491522447795494,7.960201652945642e-06
2015-02-05,0.0025684610859357804,7.960201652945642e-06
2015-02-06,-0.01338786237931644,1.0345176408410595e-05
2015-02-09,-0.013495609538427322,9.550342814357293e-06
2015-02-10,0.009534685377702523,9.947779353591812e-06
2015-02-11,-0.01299196536796543,9.550342814357293e-06
2015-02-12,0.012962464037225674,9.152866782491387e-06
2015-02-13,0.014439494938539577,9.152866782491387e-06
2015-02-17,-0.004156045950290732,9.947779353591812e-06
2015-02-18,0.010291406800400527,9.152866782491387e-06
2015-02-19,-0.0034181723966975053,9.152866782491387e-06
2015-02-20,-0.004247194618831163,9.152866782491387e-06
2015-02-23,0.010675561188404847,8.755351250222532e-06
2015-02-24,-2.9033785063692363e-05,8.755351250222532e-06
2015-02-25,0.009644506350069637,8.357796209557122e-06
2015-02-26,0.004074738604868067,8.755351250222532e-06
2015-02-27,0.0015975746264769164,8.755351250222532e-06
2015-03-02,-0.00031430909868912504,8.755351250222532e-06
2015-03-03,-0.0010620575860226245,1.0345176408410595e-05
2015-03-04,0.006126533791127375,1.0345176408410595e-05
2015-03-05,-0.00030333932859605284,9.947779353591812e-06
2015-03-06,0.002758770722662396,1.0742533986363156e-05
2015-03-09,-0.000765723625519743,1.0742533986363156e-05
2015-03-10,-0.0014760281390748808,9.947779353591812e-06
2015-03-11,-0.0029563044380468417,9.947779353591812e-06
2015-03-12,0.006124919458303735,9.550342814357293e-06
2015-03-13,-0.004538542491286046,9.550342814357293e-06
2015-03-16,-0.004388503483633732,1.0345176408410595e-05
2015-03-17,0.0011960800966932528,1.0742533986363156e-05
2015-03-18,-0.014173946449004382,9.152866782491387e-06
2015-03-19,0.003944421251101282,1.0345176408410595e-05
2015-03-20,-0.016961330342146863,9.550342814357293e-06
2015-03-23,-0.0019176796017920106,9.550342814357293e-06
2015-03-24,0.012601439598289632,9.550342814357293e-06
2015-03-25,-0.006074711051894166,9.947779353591812e-06
2015-03-26,0.013533671143615367,1.1139852095443104e-05
2015-03-27,-0.003320173648677094,1.0742533986363156e-05
2015-03-30,0.012158421547431297,1.0742533986363156e-05
2015-03-31,-0.00487257918552042,1.0345176408410595e-05
2015-04-01,0.009012754607946816,1.0742533986363156e-05
2015-04-02,-0.0017457311460168379,9.947779353591812e-06
2015-04-06,-0.006139422015983054,8.357796209557122e-06
2015-04-07,-0.014558905570164926,8.755351250222532e-06
2015-04-08,-0.00237750024672001,8.755351250222532e-06
2015-04-09,0.0023685617450666108,8.755351250222532e-06
2015-04-10,0.012236644843459654,9.550342814357293e-06
2015-04-13,-0.008795774737306195,9.152866782491387e-06
2015-04-14,-0.0039653716707825915,9.152866782491387e-06
2015-04-15,0.0035296671869311513,9.152866782491387e-06
2015-04-16,0.0066088150025855885,8.755351250222532e-06
2015-04-17,-0.0020619040280097645,9.152866782491387e-06
2015-04-20,0.002682533022574818,9.550342814357293e-06
2015-04-21,0.004457481356853421,9.152866782491387e-06
2015-04-22,0.005202865058863804,9.152866782491387e-06
2015-04-23,-0.004581280615065353,9.550342814357293e-06
2015-04-24,0.001629758754569277,9.550342814357293e-06
2015-04-27,0.0051481957339103435,9.947779353591812e-06
2015-04-28,-0.0007784438136158034,9.550342814357293e-06
2015-04-29,-0.011311245237798029,9.947779353591812e-06
2015-04-30,0.009235131333180657,9.550342814357293e-06
2015-05-01,-0.0014806051919155072,9.947779353591812e-06
2015-05-04,0.005087480415959744,9.947779353591812e-06
2015-05-05,0.0023577160344365744,9.550342814357293e-06
2015-05-06,0.0022528002125912217,9.947779353591812e-06
2015-05-07,-0.00414131399984774,9.550342814357293e-06
2015-05-08,0.002769231747055345,9.152866782491387e-06
2015-05-11,-0.0037403355286635964,9.947779353591812e-06
2015-05-12,-0.010128906665100579,9.947779353591812e-06
2015-05-13,0.010923001515586117,9.550342814357293e-06
2015-05-14,0.0029407486092096757,9.152866782491387e-06
2015-05-15,-0.011837383538524149,9.152866782491387e-06
2015-05-18,-0.004455725007309619,8.755351250222532e-06
2015-05-19,0.003773813604708076,9.152866782491387e-06
2015-05-20,0.013457901340996115,9.152866782491387e-06
2015-05-21,-0.005089560749124811,8.755351250222532e-06
2015-05-22,-0.002949637714718234,9.152866782491387e-06
2015-05-26,-0.00030495491649862316,9.550342814357293e-06
2015-05-27,0.01077928701516595,1.0742533986363156e-05
2015-05-28,0.0007684135234999889,1.0345176408410595e-05
2015-05-29,0.003047948189811578,1.0345176408410595e-05
2015-06-01,-0.000643374521663298,1.0345176408410595e-05
2015-06-02,-0.0009305160315531413,1.0345176408410595e-05
2015-06-03,0.0023378741542858794,1.0345176408410595e-05
2015-06-04,-0.0022338859444231973,1.0742533986363156e-05
2015-06-05,-0.01028198046779627,1.1537130743421997e-05
2015-06-08,0.009162641122027138,1.0742533986363156e-05
2015-06-09,-0.0012667607066396691,1.0742533986363156e-05
2015-06-10,-0.0063184689448647635,1.1139852095443104e-05
2015-06-11,0.0020594608593389463,1.1139852095443104e-05
2015-06-12,-0.0010085958054164568,1.1139852095443104e-05
2015-06-15,0.0021188707775647853,1.1139852095443104e-05
2015-06-16,-0.00862316735662716,1.1139852095443104e-05
2015-06-17,-0.0014361830452781499,1.0742533986363156e-05
2015-06-18,-0.006474509871794765,1.0345176408410595e-05
2015-06-19,0.0004183529817378684,9.947779353591812e-06
2015-06-22,0.01204242491174079,1.0742533986363156e-05
2015-06-23,0.0017386262992553636,1.1934369938293443e-05
2015-06-24,-0.006994299883164357,1.1934369938293443e-05
2015-06-25,-0.004622572121514512,1.1537130743421997e-05
2015-06-26,0.0056898564053051714,1.1537130743421997e-05
2015-06-29,0.0019796411387709156,1.0742533986363156e-05
2015-06-30,0.00990271066265147,1.1139852095443104e-05
2015-07-01,-0.005303501750407835,1.1139852095443104e-05
2015-07-02,0.006094866829202239,1.0345176408410595e-05
2015-07-06,0.0006358682609157729,1.0345176408410595e-05
2015-07-07,-0.007353296940171172,9.947779353591812e-06
2015-07-08,-0.002973574048915073,9.550342814357293e-06
2015-07-09,-0.0003900799487159823,9.947779353591812e-06
2015-07-10,-0.020866193609611283,1.1139852095443104e-05
2015-07-13,0.0026584894755439237,1.1139852095443104e-05
2015-07-14,0.0069360403748921495,1.0742533986363156e-05
2015-07-15,-0.0003080229438562343,1.1139852095443104e-05
2015-07-16,-0.003861756607829947,1.1537130743421997e-05
2015-07-17,0.0060809750474632995,1.1537130743421997e-05
2015-07-20,-0.016652748966799358,1.2331569687829003e-05
2015-07-21,0.0022622026295469055,1.3522932342358018e-05
2015-07-22,0.012338484808259054,1.3522932342358018e-05
2015-07-23,0.011066049496427643,1.3125850881978707e-05
2015-07-24,0.004453158965322279,1.2728729999800237e-05
2015-07-27,-0.0007349861476158015,1.2728729999800237e-05
2015-07-28,0.00801468054732779,1.2728729999800237e-05
2015-07-29,0.0011061832220924384,1.3125850881978707e-05
2015-07-30,0.000771233533894744,1.43169770292495e-05
2015-07-31,-0.0042616891933443535,1.3125850881978707e-05
2015-08-03,-0.0023877100868345824,1.3125850881978707e-05
2015-08-04,-0.005676040279191108,1.4713940271304793e-05
2015-08-05,-0.010703328044585847,1.5110864122869216e-05
2015-08-06,-0.005775014817854696,1.3919974388931777e-05
2015-08-07,0.012386154420169104,1.5110864122869216e-05
2015-08-10,0.007318795174967141,1.590459368605579e-05
2015-08-11,2.836756572976995e-05,1.4713940271304793e-05
2015-08-12,-0.002271520022843032,1.4713940271304793e-05
2015-08-13,-0.0027568868152492154,1.590459368605579e-05
2015-08-14,-0.0022497049209078135,1.6301399413221063e-05
2015-08-17,0.003114678973210827,1.590459368605579e-05
2015-08-18,-0.007752985140647484,1.6698165781203755e-05
2015-08-19,-0.0028748828113334124,1.5507748591936377e-05
2015-08-20,0.012808166814617383,1.5507748591936377e-05
2015-08-21,-0.009557102838104625,1.43169770292495e-05
2015-08-24,0.0009500549095742272,1.3125850881978707e-05
2015-08-25,-0.001275211973593371,1.43169770292495e-05
2015-08-26,0.003911963875500968,1.3919974388931777e-05
2015-08-27,0.005211424020938882,1.43169770292495e-05
2015-08-28,-0.0026255299342222704,1.5110864122869216e-05
2015-08-31,-0.008254876506438191,1.5507748591936377e-05
2015-09-01,-0.02110017010029852,1.5507748591936377e-05
2015-09-02,-0.03185096532301401,1.4713940271304793e-05
2015-09-03,-0.03941369300610109,1.43169770292495e-05
2015-09-04,-0.013521995197235293,1.43169770292495e-05
2015-09-08,0.03903385909558632,1.5507748591936377e-05
2015-09-09,0.024297748404812358,1.5507748591936377e-05
2015-09-10,0.0006087363931974732,1.5507748591936377e-05
2015-09-11,-0.00839167016544995,1.590459368605579e-05
2015-09-14,-0.029576446573269966,1.590459368605579e-05
2015-09-15,0.018292974600429,1.8681407507825654e-05
2015-09-16,0.0011647937858398905,1.8284837818294264e-05
2015-09-17,-0.015329595630917514,1.5507748591936377e-05
2015-09-18,0.025083053334552297,1.3919974388931777e-05
2015-09-21,-0.01389756045083701,1.43169770292495e-05
2015-09-22,0.00527795503396411,1.3919974388931777e-05
2015-09-23,0.004487043331167673,1.3522932342358018e-05
2015-09-24,-0.004089655949418347,1.2728729999800237e-05
2015-09-25,0.012831311668480172,1.3919974388931777e-05
2015-09-28,0.008705414463438865,1.3522932342358018e-05
2015-09-29,-0.0025610596092323634,1.3125850881978707e-05
2015-09-30,-0.016164165808483677,1.3125850881978707e-05
2015-10-01,0.004565783909129095,1.2331569687829003e-05
2015-10-02,-0.012318429542511944,9.947779353591812e-06
2015-10-05,-0.002048642649292276,1.0345176408410595e-05
2015-10-06,-0.0033629845707413564,1.0345176408410595e-05
2015-10-07,-0.0004657930715944447,1.0742533986363156e-05
2015-10-08,-0.025666090316902812,1.0742533986363156e-05
2015-10-09,0.0012328530985949993,1.1139852095443104e-05
2015-10-13,0.01907555565210206,1.0742533986363156e-05
2015-10-14,0.001973884232411738,8.357796209557122e-06
2015-10-15,0.014315289254205554,8.755351250222532e-06
2015-10-16,0.01828984107204601,9.152866782491387e-06
2015-10-19,-0.0035882362417534175,9.152866782491387e-06
2015-10-20,0.008035633584403179,9.152866782491387e-06
2015-10-21,0.008818435632298893,9.152866782491387e-06
2015-10-22,0.0007251113576554058,9.152866782491387e-06
2015-10-23,0.0012754770636946855,9.550342814357293e-06
2015-10-26,-0.006825424180004314,9.947779353591812e-06
2015-10-27,-0.004716274113391039,1.1537130743421997e-05
2015-10-28,0.01485277356212289,1.3125850881978707e-05
2015-10-29,0.004570474276163861,1.3125850881978707e-05
2015-10-30,0.0002705456193015099,1.3522932342358018e-05
2015-11-02,-0.001421090030626071,1.4713940271304793e-05
2015-11-03,-0.005825415425425584,1.5507748591936377e-05
2015-11-04,0.016627571884764603,1.590459368605579e-05
2015-11-05,0.011030344256396596,1.6698165781203755e-05
2015-11-06,-0.0019131003481598352,1.8681407507825654e-05
2015-11-09,-0.0025541185091011442,1.8681407507825654e-05
2015-11-10,0.011840033238402548,2.026729322168741e-05
2015-11-12,-0.00044977441860072354,2.026729322168741e-05
2015-11-13,-0.004809877153488018,1.9870880734185192e-05
2015-11-16,0.011873817294504763,1.9870880734185192e-05
2015-11-17,0.0027280672352485436,1.9870880734185192e-05
2015-11-18,-0.003545367008911171,1.9474428957888534e-05
2015-11-19,-0.0011321484144598548,1.9474428957888534e-05
2015-11-20,-0.00034762159864287767,1.9474428957888534e-05
2015-11-23,-0.009822729364192928,1.9870880734185192e-05
2015-11-24,0.0015105951573544107,2.066366642816675e-05
2015-11-25,-0.0032280859546982565,2.066366642816675e-05
2015-11-27,-0.013990375421686796,1.9870880734185192e-05
2015-11-30,-0.01120736488072338,2.026729322168741e-05
2015-12-01,0.01490326509548634,2.026729322168741e-05
2015-12-02,-0.0013393792484004408,2.066366642816675e-05
2015-12-03,0.01616245193889343,2.2644943517446947e-05
2015-12-04,-0.0011231092218189076,2.3833238897763565e-05
2015-12-07,0.0038101958630922805,2.6604556099041332e-05
2015-12-08,-0.0012348607802712408,3.0164859317949322e-05
2015-12-09,0.0012219961240418353,2.8582893534911946e-05
2015-12-10,-0.00012913256833757547,2.8187304314197803e-05
2015-12-11,0.0005936175686118705,2.7000301868307375e-05
2015-12-14,-0.004640997126186264,2.7000301868307375e-05
2015-12-15,0.010680573511899105,2.739600848866708e-05
2015-12-16,-0.01099569314929194,2.779167596811405e-05
2015-12-17,-0.014373526867514141,2.739600848866708e-05
2015-12-18,0.020525668952535714,2.6604556099041332e-05
2015-12-21,-0.006989502943734904,2.5417083821421826e-05
2015-12-22,-0.006489901427822242,2.6208771173319434e-05
2015-12-23,-0.007738985127360154,2.5812947083592164e-05
2015-12-24,0.00225138698159677,2.5417083821421826e-05
2015-12-28,-0.01942276713061175,2.6208771173319434e-05
2015-12-29,0.004755559874067838,2.6604556099041332e-05
2015-12-30,0.010618561196917398,2.5417083821421826e-05
2015-12-31,0.014514969343641715,2.5812947083592164e-05
2016-01-04,-0.015040520569611582,2.4326177140210348e-05
2016-01-05,-0.01779722009170015,2.7108304539558148e-05
2016-01-06,0.007778402243204141,2.6710975744803633e-05
2016-01-07,0.008816736406698444,2.6313607637495906e-05
2016-01-08,0.012418068122691306,2.5518753453912524e-05
2016-01-11,-0.0015986363048084984,2.512126736231579e-05
2016-01-12,-0.0021785598289102426,2.47237419270796e-05
2016-01-13,0.010629762703622703,2.392857299393647e-05
2016-01-14,-0.0072172285974309025,2.193996159971512e-05
2016-01-15,-0.009411913089778401,1.955232743533486e-05
2016-01-19,-0.015303730981790165,1.9154250367581227e-05
2016-01-20,0.002012226074739054,1.716327295597786e-05
2016-01-21,-0.013115396617014996,1.756154740739646e-05
2016-01-22,-0.02370044303909824,1.8756133838504496e-05
2016-01-25,-0.010838374634476344,1.8756133838504496e-05
2016-01-26,0.0008532723085774574,1.8756133838504496e-05
2016-01-27,0.007802798638371744,1.8756133838504496e-05
2016-01-28,-0.02496545260273253,1.8756133838504496e-05
2016-01-29,0.016695905641396447,1.8756133838504496e-05
2016-02-01,-0.021599098121784066,1.8756133838504496e-05
2016-02-02,0.0005318215544081184,2.1542121133588665e-05
2016-02-03,-0.011693855152753452,2.1542121133588665e-05
2016-02-04,0.005195438264643304,2.074632195125936e-05
2016-02-05,0.02028370093089693,2.193996159971512e-05
2016-02-08,-0.01563798186831422,2.0348363219291343e-05
2016-02-09,0.014144335682203746,2.074632195125936e-05
2016-02-10,-0.010863483946818686,2.074632195125936e-05
2016-02-11,0.0055285771108635196,1.8756133838504496e-05
2016-02-12,0.02476021748183288,2.0348363219291343e-05
2016-02-16,-0.00044323640602816905,2.0348363219291343e-05
2016-02-17,-0.01874309104264482,2.114424125321257e-05
2016-02-18,0.004992038935398124,2.114424125321257e-05
2016-02-19,0.0015267326294097217,2.114424125321257e-05
2016-02-22,-0.0184812461330659,2.193996159971512e-05
2016-02-23,-0.014153935962584518,2.193996159971512e-05
2016-02-24,-0.0006636201005447706,2.193996159971512e-05
2016-02-25,-0.00018895050095235622,2.233776265980758e-05
2016-02-26,-0.012301161634528324,2.392857299393647e-05
2016-02-29,0.01951804943402924,2.47237419270796e-05
2016-03-01,0.01651665425466642,2.7108304539558148e-05
2016-03-02,0.016480439087318777,2.6710975744803633e-05
2016-03-03,-0.0046657135860893595,2.591620020964136e-05
2016-03-04,-2.6033069221553795e-05,2.6710975744803633e-05
2016-03-07,0.014454197343192865,2.6710975744803633e-05
2016-03-08,-0.012454371626831162,2.7108304539558148e-05
2016-03-09,0.004439786657369549,2.7108304539558148e-05
2016-03-10,0.011348275180813827,2.7505594029753055e-05
2016-03-11,-0.0018701143063153403,2.7902844222715828e-05
2016-03-14,-0.008120976670040303,2.7902844222715828e-05
2016-03-15,0.023868792264573058,2.830005512688416e-05
2016-03-16,0.00409430843797276,2.6313607637495906e-05
2016-03-17,0.003498740552965396,2.5518753453912524e-05
2016-03-18,0.003305892405266686,2.47237419270796e-05
2016-03-21,0.0008850144294973994,2.512126736231579e-05
2016-03-22,-0.011240108648189029,2.5518753453912524e-05
2016-03-23,0.005052393293188295,2.5518753453912524e-05
2016-03-24,0.00015580467030051892,2.512126736231579e-05
2016-03-28,0.016395500477669467,2.591620020964136e-05
2016-03-29,-0.0012609725467921384,2.512126736231579e-05
2016-03-30,-0.0018369417185468695,2.4326177140210348e-05
2016-03-31,0.005600351548705085,2.353092948070845e-05
2016-04-01,0.0065952364278478726,2.47237419270796e-05
2016-04-04,0.004405643539266535,2.353092948070845e-05
2016-04-05,0.0009855774954501406,2.233776265980758e-05
2016-04-06,-0.0008773878504659827,2.193996159971512e-05
2016-04-07,-0.006386031655324587,2.074632195125936e-05
2016-04-08,-0.0003780705229240455,2.1542121133588665e-05
2016-04-11,0.0005452557698999438,2.114424125321257e-05
2016-04-12,0.008816651809226084,2.1542121133588665e-05
2016-04-13,0.004350315062455534,2.193996159971512e-05
2016-04-14,-0.002039759248018691,2.193996159971512e-05
2016-04-15,0.006330915097686685,2.114424125321257e-05
2016-04-18,-0.0032083221118300864,2.074632195125936e-05
2016-04-19,-0.01014449245057425,2.114424125321257e-05
2016-04-20,0.010507619189438877,2.1542121133588665e-05
2016-04-21,-0.011975786560861179,2.233776265980758e-05
2016-04-22,0.0027865782063150046,2.233776265980758e-05
2016-04-25,-0.002739786123146737,2.2735524321415568e-05
2016-04-26,0.009662134044055914,2.4326177140210348e-05
2016-04-27,0.010040137017230277,2.313324659231064e-05
2016-04-28,0.00017292717774908262,2.233776265980758e-05
2016-04-29,-0.0009842849323767888,2.233776265980758e-05
2016-05-02,0.006541025568344017,2.193996159971512e-05
2016-05-03,0.003084485197515807,2.114424125321257e-05
2016-05-04,0.0007615446318947061,2.074632195125936e-05
2016-05-05,-0.005194027068595286,2.0348363219291343e-05
2016-05-06,4.78598891489046e-05,2.0348363219291343e-05
2016-05-09,-0.0018120458498649405,2.0348363219291343e-05
2016-05-10,0.0018727515348586632,2.074632195125936e-05
2016-05-11,0.0016493527182761536,2.114424125321257e-05
2016-05-12,-0.009230768157227676,2.1542121133588665e-05
2016-05-13,-0.005063088481738531,2.193996159971512e-05
2016-05-16,0.007809946553678726,2.2735524321415568e-05
2016-05-17,-0.00867663846010247,2.313324659231064e-05
2016-05-18,-0.005936889314754001,2.512126736231579e-05
2016-05-19,-0.0002390079429954728,2.5518753453912524e-05
2016-05-20,0.003174639194507556,2.6710975744803633e-05
2016-05-23,0.0007534966412710009,2.7505594029753055e-05
2016-05-24,0.012483643839788838,2.7505594029753055e-05
2016-05-25,-0.009561518249023626,2.6710975744803633e-05
2016-05-26,-0.0001694651417848414,2.591620020964136e-05
2016-05-27,-0.008478288992748939,2.7108304539558148e-05
2016-05-31,0.009796652584981969,2.7108304539558148e-05
2016-06-01,-0.009411297372666105,2.7902844222715828e-05
2016-06-02,0.00020517875938574903,2.7108304539558148e-05
2016-06-03,-0.0037067077457677566,2.392857299393647e-05
2016-06-06,0.006019503914256319,2.392857299393647e-05
2016-06-07,-0.0020854588262010365,2.353092948070845e-05
2016-06-08,0.013681382915580853,2.392857299393647e-05
2016-06-09,0.006974740416216374,2.353092948070845e-05
2016-06-10,-0.00021044370918177346,2.2735524321415568e-05
2016-06-13,0.0042868573656227316,2.193996159971512e-05
2016-06-14,-0.0010052632800822137,2.193996159971512e-05
2016-06-15,0.0011350423498972528,2.074632195125936e-05
2016-06-16,0.0028246782448091423,2.114424125321257e-05
2016-06-17,-0.0029118146788911226,2.0348363219291343e-05
2016-06-20,0.0048972810511889175,2.233776265980758e-05
2016-06-21,0.001289446391868232,2.2735524321415568e-05
2016-06-22,0.00330956635586821,2.233776265980758e-05
2016-06-23,-0.00171775869182611,2.313324659231064e-05
2016-06-24,-0.00917518113312521,1.9154250367581227e-05
2016-06-27,-0.008115191023280288,1.795978236640572e-05
2016-06-28,-0.0017988855029992257,1.795978236640572e-05
2016-06-29,-0.0018407126972377341,1.8357977840777195e-05
2016-06-30,0.0031329905865316032,1.795978236640572e-05
2016-07-01,-0.0032579651646926777,1.795978236640572e-05
2016-07-05,0.005808185112367248,1.756154740739646e-05
2016-07-06,0.002712061442457836,1.8357977840777195e-05
2016-07-07,-0.0016515635798043382,1.8756133838504496e-05
2016-07-08,0.013364078570495375,1.9154250367581227e-05
2016-07-11,-0.03591979991551375,1.9950365049981045e-05
2016-07-12,-0.018096502120201086,2.074632195125936e-05
2016-07-13,0.01777016520887531,2.0348363219291343e-05
2016-07-14,0.01703267271049458,2.114424125321257e-05
2016-07-15,0.013565044272757953,2.074632195125936e-05
2016-07-18,0.0019486024753911924,2.074632195125936e-05
2016-07-19,-0.006847477275030989,2.233776265980758e-05
2016-07-20,0.005352962934909389,2.233776265980758e-05
2016-07-21,-0.000871577782587063,2.1542121133588665e-05
2016-07-22,0.015253349299217511,2.193996159971512e-05
2016-07-25,0.003408615584790109,2.193996159971512e-05
2016-07-26,0.0070092934627346,2.193996159971512e-05
2016-07-27,0.00013476772627241118,2.114424125321257e-05
2016-07-28,0.005259203949780522,2.114424125321257e-05
2016-07-29,-0.0009289474292316635,1.9950365049981045e-05
2016-08-01,0.002382295291673886,1.9950365049981045e-05
2016-08-02,-0.0014351739837110689,1.9950365049981045e-05
2016-08-03,0.004270300527854598,2.114424125321257e-05
2016-08-04,-0.003612529073708126,2.0348363219291343e-05
2016-08-05,0.004553964517894249,2.233776265980758e-05
2016-08-08,-0.003011475203867131,2.2735524321415568e-05
2016-08-09,0.00032278462630763727,2.193996159971512e-05
2016-08-10,-0.0011985423438815035,2.193996159971512e-05
2016-08-11,0.0016062092674702377,2.193996159971512e-05
2016-08-12,0.0016313092282023156,2.233776265980758e-05
2016-08-15,-0.0012697873921424518,2.233776265980758e-05
2016-08-16,-0.006361619668044383,2.2735524321415568e-05
2016-08-17,0.0031339433893435853,2.313324659231064e-05
2016-08-18,0.0002125719185825936,2.313324659231064e-05
2016-08-19,0.00860349636132618,2.353092948070845e-05
2016-08-22,-0.0009071652887537862,2.313324659231064e-05
2016-08-23,0.000389793635491964,2.313324659231064e-05
2016-08-24,-0.0028646859977113914,2.353092948070845e-05
2016-08-25,0.004734588091577452,2.392857299393647e-05
2016-08-26,-0.0007960462665462797,2.47237419270796e-05
2016-08-29,0.0027929089824627606,2.47237419270796e-05
2016-08-30,-0.0054790770207289174,2.4326177140210348e-05
2016-08-31,0.0018685899424382146,2.4326177140210348e-05
2016-09-01,0.0021996173913669814,2.392857299393647e-05
2016-09-02,-0.0014402716807317972,2.353092948070845e-05
2016-09-06,-0.0005633228782352395,2.233776265980758e-05
2016-09-07,0.0019517690543742194,2.2735524321415568e-05
2016-09-08,-0.005240276882137795,2.2735524321415568e-05
2016-09-09,-0.001365227301395766,2.313324659231064e-05
2016-09-12,-0.0015788167596264557,2.2735524321415568e-05
2016-09-13,0.005228047337119568,2.512126736231579e-05
2016-09-14,-0.001953680655931489,2.47237419270796e-05
2016-09-15,-0.002375864254739679,2.392857299393647e-05
2016-09-16,-4.1384648208353525e-05,2.4326177140210348e-05
2016-09-19,0.004201041315648579,2.392857299393647e-05
2016-09-20,0.002981678758352535,2.4326177140210348e-05
2016-09-21,-0.00014638505859998485,2.4326177140210348e-05
2016-09-22,-0.0022230135011277463,2.392857299393647e-05
2016-09-23,-0.024522068857295465,2.392857299393647e-05
2016-09-26,0.014677052525391865,2.313324659231064e-05
2016-09-27,-0.014830674013266876,2.313324659231064e-05
2016-09-28,-0.0005876766500768626,2.392857299393647e-05
2016-09-29,0.010109273250546558,2.353092948070845e-05
2016-09-30,-0.0037722949071267164,2.353092948070845e-05
2016-10-03,-1.860309730772336e-05,2.512126736231579e-05
2016-10-04,0.00029913841439488387,2.5518753453912524e-05
2016-10-05,0.01091716215408689,2.591620020964136e-05
2016-10-06,0.0064997846811665205,2.591620020964136e-05
2016-10-07,-0.005736774814255385,2.6313607637495906e-05
2016-10-11,-0.008587762454059567,2.7505594029753055e-05
2016-10-12,0.0064441700612607455,2.7108304539558148e-05
2016-10-13,0.005296553758763478,2.6313607637495906e-05
2016-10-14,-0.009321411325290296,2.6313607637495906e-05
2016-10-17,0.007967969361337035,2.591620020964136e-05
2016-10-18,-0.0032606958242220596,2.6313607637495906e-05
2016-10-19,-0.004955562300028915,2.591620020964136e-05
2016-10-20,0.00429669054167503,2.6313607637495906e-05
2016-10-21,0.00048156019948386586,2.6313607637495906e-05
2016-10-24,-0.003253483681710745,2.6313607637495906e-05
2016-10-25,0.004605905098135743,2.6313607637495906e-05
2016-10-26,-0.012446471763257416,2.6710975744803633e-05
2016-10-27,0.0011465894253985809,2.7108304539558148e-05
2016-10-28,-0.0030992638350910706,2.6313607637495906e-05
2016-10-31,0.00020160417815362486,2.6313607637495906e-05
2016-11-01,-0.0030379938212078406,2.591620020964136e-05
2016-11-02,0.006160403479896548,2.5518753453912524e-05
2016-11-03,0.002191970828747003,2.5518753453912524e-05
2016-11-04,-0.001375723874264545,2.47237419270796e-05
2016-11-07,-8.41417022030555e-05,2.512126736231579e-05
2016-11-08,0.004749839534638145,2.830005512688416e-05
2016-11-09,-0.0037977277794559727,2.8697226749585525e-05
2016-11-10,-0.0017404114266579285,2.8697226749585525e-05
2016-11-14,-0.00298672693338764,3.068249591509087e-05
2016-11-15,-0.0031082993655890956,3.107943201308139e-05
2016-11-16,-0.00012227651805640782,3.0285520582484793e-05
2016-11-17,-0.006786883176217451,3.068249591509087e-05
2016-11-18,-0.006525500629458225,3.068249591509087e-05
2016-11-21,-0.004423400698294833,3.107943201308139e-05
2016-11-22,-0.0016661305078947697,3.107943201308139e-05
2016-11-23,0.022223544015960606,3.187318653585791e-05
2016-11-25,0.003771974424148228,3.2270004976409083e-05
2016-11-28,0.011077020670818172,3.1476328884005866e-05
2016-11-29,0.0019507456248868404,3.107943201308139e-05
2016-11-30,-0.0013979501669952876,3.187318653585791e-05
2016-12-01,-0.00011550278623184695,3.2666784213430944e-05
2016-12-02,0.007480797692708263,3.187318653585791e-05
2016-12-05,-0.0015822638011099288,3.2666784213430944e-05
2016-12-06,0.004676369709732953,3.306352425447301e-05
2016-12-07,-0.0023867984933358954,3.385688677992604e-05
2016-12-08,0.00746140094927239,3.346022510730684e-05
2016-12-09,0.0021654319242507825,3.385688677992604e-05
2016-12-12,0.0008080247522281869,3.385688677992604e-05
2016-12-13,0.003914386912404755,3.5046636793323316e-05
2016-12-14,-0.0052545356518649555,3.6632422089954986e-05
2016-12-15,0.0013352928795322683,3.6236034462566735e-05
2016-12-16,-0.0026534038053485087,3.6236034462566735e-05
2016-12-19,-0.003515529214704216,3.5839607709364785e-05
2016-12-20,0.00039700648494522817,3.5839607709364785e-05
2016-12-21,0.005821305360635076,3.5046636793323316e-05
2016-12-22,0.0034108881136405422,3.465009261516272e-05
2016-12-23,0.013163241734930109,3.465009261516272e-05
2016-12-27,0.0021593427123762776,3.5443141822133484e-05
2016-12-28,0.005938984836723504,3.5839607709364785e-05
2016-12-29,-0.0011374347616602831,3.385688677992604e-05
2016-12-30,0.006539774854251279,3.385688677992604e-05
